{
  "total_samples": 73,
  "folders_processed": 4,
  "samples_with_current": 68,
  "samples_without_current": 5,
  "samples_with_stress_strain_data": 66,
  "0.2% Offset yield stress_mean": 13.030454545454546,
  "0.2% Offset yield stress_std": 31.70938711155121,
  "0.2% Offset yield stress_min": 0.0,
  "0.2% Offset yield stress_max": 104.112,
  "0.2% Offset yield stress_count": 66,
  "Strain handening exponent_mean": 0.016893939393939395,
  "Strain handening exponent_std": 0.04041215688678872,
  "Strain handening exponent_min": 0.0,
  "Strain handening exponent_max": 0.123,
  "Strain handening exponent_count": 66,
  "Strain handening coefficient_mean": 27.668606060606063,
  "Strain handening coefficient_std": 67.73764567503265,
  "Strain handening coefficient_min": 0.0,
  "Strain handening coefficient_max": 232.159,
  "Strain handening coefficient_count": 66,
  "Elogation at break (using Strain)_mean": 52.82648484848485,
  "Elogation at break (using Strain)_std": 28.609955520220538,
  "Elogation at break (using Strain)_min": 10.487,
  "Elogation at break (using Strain)_max": 137.366,
  "Elogation at break (using Strain)_count": 66,
  "Rate_mean": 0.4416438341236431,
  "Rate_std": 0.7140711059414597,
  "Rate_min": 0.0031999999191612005,
  "Rate_max": 3.200000047683716,
  "Rate_count": 73,
  "pulse_on_time_mean": 0.17039215686274511,
  "pulse_on_time_std": 0.1274670276473681,
  "pulse_on_time_min": 0.01,
  "pulse_on_time_max": 0.3,
  "pulse_on_time_count": 51,
  "pulse_total_time_mean": 1.4839215686274507,
  "pulse_total_time_std": 1.2498801197416856,
  "pulse_total_time_min": 0.1,
  "pulse_total_time_max": 5.0,
  "pulse_total_time_count": 51,
  "amplitude_mean": 268.62745098039215,
  "amplitude_std": 124.88426014263186,
  "amplitude_min": 50.0,
  "amplitude_max": 400.0,
  "amplitude_count": 51,
  "strain_rate_mean": 0.014000000000000002,
  "strain_rate_std": 0.01897366596101028,
  "strain_rate_min": 0.005,
  "strain_rate_max": 0.05,
  "strain_rate_count": 10
}